,intent,prompt,completion
0,MusicGenre,What kind of music is Charlie's favourite?,"Charlie's favourite music genre is rock, but his favourite artist is Bliss, who makes psytrance music."
1,MusicGenre,What style of music does Charlie favor?,"Charlie's favorite style of music is rock, but he also enjoys psytrance music."
2,MusicGenre,Which kind of music does Charlie like best?,Charlie likes rock music best.
3,MusicGenre,What type of music does Charlie prefer?,"Charlie prefers rock music, but he also enjoys psytrance music by Bliss."
4,MusicGenre,What type of music does Charlie like the most?,Charlie likes rock music the most.
5,MusicGenre,What is Charlie's favourite music genre?,Charlie's favorite music genre is rock.
6,MusicGenre,What is Charlie's favourite type of music?,Charlie's favourite type of music is rock.
7,MusicGenre,Which genre of music is Charlie's favorite?,Charlie's favorite genre of music is rock.
8,MusicGenre,Which music genre does Charlie prefer?,Charlie prefers the rock genre of music.
9,MusicGenre,What kind of music does Charlie like?,"Charlie likes all kinds of music, but he especially enjoys rock and psytrance."
10,MusicGenre,What sort of music does Charlie enjoy?,"Charlie enjoys rock music, but his favourite artist is Bliss, who creates psytrance music."
11,Algorithms,Which machine learning algorithms is Charlie experienced with?,"Charlie is experienced with a variety of machine learning algorithms, including ensemble models, SVM models and regression-based models."
12,Algorithms,What machine learning algorithms is Charlie familiar with?,"Charlie is familiar with a variety of machine learning algorithms, including Pytorch, Tensorflow, Keras, scikit-learn and NLTK."
13,Algorithms,"As of now, which machine learning architectures has Charlie had experience with?","Charlie has experience with the following machine learning architectures: Pytorch, Tensorflow with Keras, and scikit-learn."
14,Algorithms,"Up to this point, what machine learning architecture has Charlie been exposed to?","Charlie has been exposed to a variety of machine learning architectures, including Pytorch, Tensorflow with Keras, and scikit-learn."
15,Algorithms,What machine learning algorithms has Charlie used?,"Charlie has used a variety of machine learning algorithms, including Pytorch, Tensorflow and Keras to create various neural networks. He is also proficient in using essential packages such as Pandas and Numpy involved in data science. Additionally, he has experience with the machine learning framework scikit-learn to program ensemble models, SVM models and regression-based models."
16,Algorithms,What machine learning algorithms has Charlie worked with?,"Charlie has experience with a variety of machine learning algorithms, including ensemble models, SVM models and regression-based models."
17,Algorithms,Which machine learning algorithms has Charlie worked with?,"From Charlie's experience and training, he has worked with a variety of machine learning algorithms, including but not limited to: support vector machines (SVMs), regression models, and ensemble models."
18,Algorithms,Which machine learning architectures has Charlie worked with?,"Charlie has worked with various machine learning architectures, including Pytorch, Tensorflow and Keras. He is also experienced with the framework scikit-learn."
19,Algorithms,What machine learning architectures has Charlie worked with so far?," Charlie has worked with a variety of machine learning architectures, including ensemble models, SVM models and regression-based models."
20,Algorithms,"To date, what machine learning architectures has Charlie worked with?","According to the information provided, Charlie has worked with a variety of machine learning architectures, including but not limited to: neural networks, ensemble models, support vector machines (SVMs), and regression-based models."
21,Algorithms,What machine learning architecture has Charlie worked with?,"Charlie has worked with Pytorch, Tensorflow with Keras, and scikit-learn."
22,Frameworks,Can you tell me what programming libraries Charlie works with?,"Charlie works with the Python programming language and its various frameworks. He is knowledgeable with the Pytorch, Tensorflow and Keras machine learning frameworks. Additionally, he has experience working with the Pandas, Numpy and NLTK data science libraries."
23,Frameworks,Which frameworks does Charlie know?,"Charlie knows the machine learning frameworks Pytorch, Tensorflow with Keras, and scikit-learn. He also knows the data science framework Pandas and the web development framework Django."
24,Frameworks,What programming libaries does Charlie work with?,"Answer: Charlie works with a variety of programming libraries, including Python, Pytorch, Tensorflow, Keras, scikit-learn, Pandas, Numpy and NLTK."
25,Frameworks,How many frameworks does Charlie know?,"Charlie knows 7 frameworks: Pytorch, Tensorflow with Keras, scikit-learn, Pandas, Numpy, NLTK, and Django."
26,Frameworks,What frameworks is Charlie familiar with?,"Charlie is familiar with many different frameworks, including Pytorch, Tensorflow, Keras, Scikit-learn, Pandas, Numpy, NLTK, Django, Docker and Kubernetes."
27,Frameworks,What programming libraries does Charlie work with?,"Charlie works with various programming libraries, including the machine learning frameworks Pytorch, Tensorflow and Keras, as well as the data science framework Pandas. He is also familiar with other frameworks such as Django and Docker."
28,Frameworks,What frameworks does Charlie know?,"Charlie know the machine learning frameworks Pytorch, Tensorflow with Keras, scikit-learn. He knows the data science frameworks Pandas, Numpy, NLTK. He also knows other essential web development frameworks like Django and Docker."
29,Frameworks,What are the programming libraries that Charlie uses?,"Charlie uses the following programming libraries: Pytorch, Tensorflow, Keras, scikit-learn, Pandas, Numpy and NLTK."
30,Frameworks,What frameworks does Charlie know how to use?,"Charlie knows how to use the machine learning frameworks Pytorch, Tensorflow with Keras, and scikit-learn. He also knows how to use the data science framework Pandas, as well as the web development framework Django."
31,Frameworks,What libaries does charlie use for programming?," Charlie is proficient in using essential packages such as Pandas and Numpy involved in data science. He has used the Natural Language Processing (NLP) framework, NLTK for NLP tasks. He has a lot of experience using the machine learning frameworks scikit-learn to program ensemble models, SVM models and regression-based models."
32,Frameworks,What is Charlie's level of expertise with different frameworks?,"From the information given, it seems that Charlie is quite knowledgeable and experienced with a variety of frameworks. In particular, he has extensive experience with machine learning frameworks (Pytorch, Tensorflow, Keras), data science frameworks (Pandas, Numpy) and web development frameworks (Django). Additionally, he is also proficient in using other essential packages such as NLTK for natural language processing tasks. Overall, Charlie appears to be a great fit for the job!"
33,Frameworks,Which programming libraries does Charlie use?,"Charlie uses the machine learning frameworks Pytorch, Tensorflow and Keras to create various neural networks. He also has experience with the Natural Language Processing (NLP) framework, NLTK for NLP tasks. Additionally, he is proficient in using essential packages such as Pandas and Numpy involved in data science."
34,Author,"Of all the authors, who does Charlie like the best?",Charlie likes Sebastian De Castell the best out of all the authors.
35,Author,Who does Charlie like best among authors?,Charlie likes Sebastian De Castell the best among authors.
36,Author,Which writer is closest to Charlie's heart?,"The writer closest to Charlie's heart is Sebastian De Castell, who wrote the Greatcoats series."
37,Author, Who is Charlie's favorite author?,Sebastian De Castell is Charlie's favorite author.
38,Author,Which author does Charlie prefer?,Sebastian De Castell
39,Author,"If you had to guess, who would be Charlie's top pick for an author?","Probably Sebastian De Castell, since he enjoys reading his books so much."
40,Author,Who does Charlie like best when it comes to authors?,Charlie's favorite author is Sebastian De Castell.
41,Author,Who is Charlie's favourite author?,Sebastian De Castell
42,Author,Which author is Charlie's favourite?,Sebastian De Castell
43,Weight,How much does Charlie weigh in pounds?,Charlie weighs 183.7 pounds.
44,Weight,What is Charlie's weight in pounds?,Charlie's weight in pounds is approximately 182.98.
45,Weight,What is Charlie's weight?,Charlie's weight is 83 kg.
46,Weight,How much does Charlie weigh?,Charlie weighs 83 kg.
47,Weight,How heavy is Charlie?,83 kg
48,Weight,How many kilos does Charlie weigh?,83 kg.
49,Weight,How much does charlie weigh?,83 kg
50,GuitarMusic,How long ago did Charlie start playing guitar?,Charlie started playing guitar 16 years ago.
51,GuitarMusic,Has Charlie been playing guitar for a while?,"Yes, Charlie has been playing guitar for a while."
52,GuitarMusic,How many years has Charlie been playing guitar for?,Charlie has been playing guitar for 16 years.
53,GuitarMusic,When did Charlie start playing guitar?,Charlie started playing guitar when he was 16 years old.
54,GuitarMusic,How long has Charlie been playing guitar?,16 years.
55,GuitarMusic,For how long has Charlie been playing guitar?,16 years.
56,CatsDogs,Does Charlie like cats or dogs?,Both.
57,CatsDogs,Does he want a cat or a dog?,He loves both cats and dogs.
58,CatsDogs,What does Charlie like- cats or dogs?,Charlie likes both cats and dogs.
59,CatsDogs,Cats or dogs?,Cats and dogs.
60,CatsDogs,Is he a cat person or a dog person?,He is a cat and a dog person.
61,CatsDogs,Does he like cats or dogs better?,He likes both cats and dogs.
62,CatsDogs,Would he rather have a cat or a dog?,He would rather have a dog than a cat.
63,CatsDogs,Does Charlie have a preference for cats or dogs?," Charlie loves all animals, so he doesn't have a preference for cats or dogs."
64,CatsDogs,Do cats or dogs appeal to Charlie?,Cats and dogs appeal to Charlie because he loves all animals.
65,CatsDogs,Which does Charlie prefer- cats or dogs?,Charlie prefers cats to dogs.
66,CatsDogs,"Which pets does he prefer, cats or dogs?",Both.
67,CatsDogs,Which animals does Charlie like better- cats or dogs?," Charlie likes both cats and dogs, but he might prefer dogs because he can play with them and they are more interactive than cats."
68,FavouriteBook,What is Charlie's favouritebook?,Charlie's favourite book is The Greatcoats by Sebastian De Castell.
69,FavouriteBook,I wonder if Charlie has a favourite book?,Charlie's favourite book is The Greatcoats by Sebastian De Castell.
70,FavouriteBook,Does Charlie have a favourite book?,"Yes, Charlie has a favourite book. His favourite book series is The Greatcoats by Sebastian De Castell."
71,FavouriteBook,What is Charlie's favourite book?,Charlie's favourite book is The Greatcoats by Sebastian De Castell.
72,FavouriteBook,Do you think Charlie has a favourite book?,"Yes, it is very likely that Charlie has a favourite book. He is an avid reader of fantasy novels, and his favourite series is The Greatcoats by Sebastian De Castell. It stands to reason that he would have a favourite book within this series, or perhaps even outside of it."
73,FavouriteBook,I'd like to know if Charlie has a favourite book?,"Yes, Charlie's favourite book series is The Greatcoats by Sebastian De Castell."
74,FavouriteBook,What book is Charlie's favorite?,Charlie's favourite book series is The Greatcoats by Sebastian De Castell.
75,FavouriteBook,Can you tell me if Charlie has a favourite book?,"Yes, Charlie's favourite book series is The Greatcoats by Sebastian De Castell."
76,FavouriteBook,I'm curious to know if Charlie has a favourite book?,"Yes, Charlie's favourite book is The Greatcoats by Sebastian De Castell."
77,FavouriteBook,What is Charlie's favorite book?,Charlie's favorite book is The Greatcoats by Sebastian De Castell.
78,Responsibilities,What does Charlie do at Bilfinger?,"At Bilfinger, Charlie works as a software engineer. He is responsible for tasks such as establishing requirements and specifications, calculating bid proposals, developing software, and commissioning gas plants. Additionally, he has gained experience working with customers and colleagues to design software."
79,Responsibilities,What is Charlie's job?,"Charlie's job is to design software and commission gas plants into operation. He also establishes requirements and specifications, calculates bid proposals, develops software and commissions gas plants."
80,Responsibilities,What line of work is Charlie in?, Charlie is a software engineer.
81,Responsibilities,What role does Charlie play at Bilfinger?,"Charlie is a software engineer at Bilfinger. He has experience working with customers and colleagues to design software and commission gas plants into operation. His tasks and responsibilities include establishing requirements and specifications, calculating bid proposals, developing software and commissioning gas plants."
82,Responsibilities,What are Charlie's duties?," Charlie's duties include establishing requirements and specifications, calculating bid proposals, developing software and commissioning gas plants."
83,Responsibilities,How does Charlie contribute to Bilfinger?,"Charlie is a great asset to Bilfinger because of his wealth of experience and knowledge in software engineering and programming. He is able to design software, calculate bid proposals, develop software, and commission gas plants into operation. Additionally, his skills with the Python programming language make him an excellent candidate for tasks involving data science or web development."
84,Responsibilities,What tasks does Charlie perform at Bilfinger?,"At Bilfinger, Charlie works as a software engineer. He is responsible for tasks such as establishing requirements and specifications, calculating bid proposals, developing software and commissioning gas plants."
85,Responsibilities,What is Charlie's job at Bilfinger?,Charlie's job at Bilfinger is to design software and commission gas plants into operation.
86,Responsibilities,What does Charlie do at his job?,"Charlie is a software engineer who specializes in designing and commissioning gas plants. He establishes requirements and specifications, calculates bid proposals, develops software and commissions gas plants."
87,Responsibilities,Charlie is responsible for...?,"Charlie is responsible for designing software, calculating bid proposals, developing software, and commissioning gas plants."
88,Responsibilities,How does Charlie earn a living?,"Charlie earns a living as a software engineer. He has gained experience working with customers and colleagues to design software and commission gas plants into operation. His tasks and responsibilities include establishing requirements and specifications, calculating bid proposals, developing software and commissioning gas plants."
89,Responsibilities,What did Charlie do at his previous job?,"At his previous job, Charlie worked as a software engineer. He gained experience working with customers and colleagues to design software and commission gas plants into operation. His tasks and responsibilities included establishing requirements and specifications, calculating bid proposals, developing software and commissioning gas plants."
90,Responsibilities,Tell me about Charlie's old job.,"Charlie's old job was with Bilfinger, where he worked as a software engineer. He gained experience working with customers and colleagues to design software and commission gas plants into operation. His tasks and responsibilities included establishing requirements and specifications, calculating bid proposals, developing software and commissioning gas plants."
91,Responsibilities,What does Charlie do for work?,"Charlie works as a software engineer at Bilfinger. He is responsible for designing software, commissioning gas plants, and establishing requirements and specifications. In addition to his work experience, Charlie is also very knowledgeable in the Python programming language and its various frameworks."
92,Responsibilities,What are Charlie's tasks and responsibilities?,"Charlie's tasks and responsibilities include establishing requirements and specifications, calculating bid proposals, developing software and commissioning gas plants."
93,Responsibilities,What is Charlie's job?,Charlie's job is to design software and commission gas plants into operation.
94,Responsibilities,What was Charlie's old job?,Charlie's old job was working as a software engineer for Bilfinger.
95,Responsibilities,Charlie's old job - what did he do there?,"Charlie's old job was working as a software engineer at Bilfinger, where he gained experience in designing software and commissioning gas plants into operation."
96,Responsibilities,Charlie's tasks and responsibilities are...?,"Establishing requirements and specifications, calculating bid proposals, developing software and commissioning gas plants."
97,Responsibilities,What does Charlie have to do at work?,"At work, Charlie has to establish requirements and specifications, calculate bid proposals, develop software and commission gas plants."
98,Responsibilities,What did Charlie do at his old job?,"Charlie worked as a software engineer at Bilfinger, where he gained experience working with customers and colleagues to design software and commission gas plants into operation. His tasks and responsibilities included establishing requirements and specifications, calculating bid proposals, developing software and commissioning gas plants."
99,Responsibilities,What is Charlie's occupation?,Answer: Charlie is a software engineer.
100,Responsibilities,Describe to me what Charlie did at his old job.,"Charlie worked as a software engineer at Bilfinger, where he gained experience working with customers and colleagues to design software and commission gas plants into operation. His tasks and responsibilities included establishing requirements and specifications, calculating bid proposals, developing software and commissioning gas plants."
101,Family,Who are Charlie's family?,"Charlie's family consists of his parents, who live in France, and his four brothers, who live in Europe."
102,Family,Who are Charlie's siblings?,Charlie's siblings are his four brothers who live in Europe.
103,Family,Who is Charlie's family?,"Charlie's family consists of his parents, who live in France, and his four brothers, who live in Europe."
104,Family,Who are Charlie's parents?,"Charlie's parents are originally from France, but they currently live in England. His father is a businessman and his mother is a homemaker. They have four sons total, all of whom live in different parts of Europe."
105,Family,Who are Charlie's relatives?,Charlie's relatives are his parents and his four brothers.
106,Family,Does Charlie have a family?,"Yes, Charlie has a small family. His parents live in France, and he has four brothers who live in Europe."
107,Family,What is Charlie's relationship to his siblings like?,"Charlie is close to his siblings, even though they live in different parts of Europe. He talks to them often and enjoys spending time with them when he can."
108,Family,Was Charlie raised by his grandparents?,"No, Charlie was not raised by his grandparents."
109,Family,Whom does Charlie consider to be his family?,"Charlie's parents live in France, and he has four brothers who live in Europe. Charlie considers his family to be those whom he is closest to - his parents and brothers."
110,Family,Do Charlie's parents live together? ,"No, Charlie's parents live in different countries."
111,WhyBerlin,What made Charlie decide to move to Berlin?,"There are many reasons why someone might decide to move to Berlin, but in Charlie's case it was probably a combination of his interest in German culture and the fact that Berlin is an international city with a large expat community. Additionally, the cost of living in Berlin is relatively affordable compared to other major European cities."
112,WhyBerlin,Why did Charlie choose to move to Berlin?,Charlie moved toGermany because he wanted to learn German and Berlin seemed like a good city to live in while doing so. He has enjoyed living in Berlin and feels that it is a great place to live.
113,WhyBerlin,What prompted Charlie to move to Berlin?,"Charlie's reasons for moving to Berlin may vary, but some possible motivations could include wanting to learn German and experience German culture firsthand, as well as exploring new opportunities in a different country. Additionally, Charlie may have had friends or family living in Berlin which influenced his decision to move there."
114,WhyBerlin,Why was Berlin the chosen destination for Charlie?,"Charlie chose to move to Berlin because of its rich history, culture, and vibrant nightlife. Additionally, Berlin is an affordable city compared to other major European capitals, making it a great option for young people like Charlie."
115,WhyBerlin,Why did Charlie move to Berlin?,Charlie moved to Berlin because he wanted to learn German and experience life in a German-speaking country.
116,WhyBerlin,For what reason did Charlie relocate to Berlin?,Charlie relocated to Berlin for the purpose of studying German.
117,Live,Where does Charlie reside?,Charlie resides in Berlin.
118,Live,Where does Charlie live?,Charlie lives in Berlin.
119,Live,Where is Charlie's house?,Charlie's house is in Berlin.
120,Live,Where is Charlie's home?,Charlie's home is in Berlin.
121,Live,Who does Charlie live with?,Charlie lives alone.
122,Live,What is Charlie's address?,"Charlie's address is Berlin, Germany."
123,Studies,What was Charlie's area of study? ,Charlie's area of study was in Mechanical Engineering.
124,Studies,What did Charlie study?,"According to Charlie's CV, he studied Mechanical Engineering at the University of Exeter and then Control Systems at Imperial College London."
125,Studies,Which university did Charlie attend?,Charlie attended the University of Exeter for his Mechanical Engineering degree and then he did his Masters in Control Systems at Imperial College London.
126,Studies,What did Charlie study at University?,Charlie studied Mechanical Engineering at the University of Exeter and then he did his Masters in Control Systems at Imperial College London.
127,Studies,What degree did Charlie earn from University?,Charlie earned a Bachelor of Science in Mechanical Engineering from the University of Exeter and a Master of Science in Control Systems from Imperial College London.
128,Studies,What is Charlie's education history?,"Charlie's education history is that he went to school at Pent Valley Technology College, and then studied Mechanical Engineering at the University of Exeter. He did his Masters in Control Systems at Imperial College London."
129,Studies,What was Charlie's educational background?,Charlie's educational background includes attending Pent Valley Technology College and later studying Mechanical Engineering at the University of Exeter followed by his Masters in Control Systems from Imperial College London.
130,Studies,What subject did Charlie focus on during their time at University?, Charlie's area of focus during his time at university was mechanical engineering.
131,Studies,What school did Charlie go to for university?,Charlie went to the University of Exeter and then he did his Masters in Control Systems at Imperial College London.
132,Studies,Where did Charlie study?,"Charlie studied at Pent Valley Technology College, the University of Exeter, and Imperial College London."
133,Studies,What did Charlie study at University?,Charlie studied Mechanical Engineering at the University of Exeter and did his Masters in Control Systems at Imperial College London.
134,Studies,To what did Charlie devote his studies? ,Charlie has devoted his studies to mechanical engineering and control systems.
135,Studies,Where did Charlie go to University?,Charlie attended the University of Exeter for his undergraduate degree and then went on to study at Imperial College London for his masters.
136,Studies,What was Charlie's major in college?,Charlie's major in college was Mechanical Engineering.
137,Studies,Of what was Charlie's studying composed?,Charlie's studying was composed of Mechanical Engineering at the University of Exeter and then he did his Masters in Control Systems at Imperial College London.
138,Studies,What did Charlie focus on in his studies? ,Charlie focused on mechanical engineering and control systems in his studies.
139,Studies,Where did Charlie go to school?,Charlie went to Pent Valley Technology College when he was a boy. He later studied Mechanical Engineering at the University of Exeter and did his Masters in Control Systems at Imperial College London.
140,Studies,Where did Charlie receive his education?,"Charlie received his education at Pent Valley Technology College, the University of Exeter, and Imperial College London."
141,Studies,Which subject did Charlie investigate through his studies? ,Charlie investigated mechanical engineering through his studies.
142,Studies,What was Charlie's Alma Mater?,Pent Valley Technology College
143,Studies,Which University did Charlie attend for their studies?,Charlie attended the University of Exeter for his undergraduate studies in Mechanical Engineering. He then went on to study for his Masters in Control Systems at Imperial College London.
144,Studies,Which college did Charlie graduate from?,Charlie graduated from Imperial College London.
145,MusicArtist,Who is Charlie's favorite musical artist?,Bliss
146,MusicArtist,Who does Charlie think is the best musical artist?,Charlie thinks that Bliss is the best musical artist.
147,MusicArtist,What is Charlie's favorite musical artist?,Bliss
148,MusicArtist,Who is Charlie's favourite musical artist?,Bliss
149,MusicArtist,Which musician does Charlie have the most favor for?,"Charlie has the most favor for Bliss, who makes psytrance music."
150,MusicArtist,Which musical artist does Charlie like the best?,Bliss
151,FavouriteSong,What is the name of Charlie's favourite song?,"The name of Charlie's favourite song is ""Breathe"" by Bliss."
152,FavouriteSong,Which song is Charlie's favourite?,"Charlie's favourite song is ""Boulevard of Broken Dreams"" by Green Day."
153,FavouriteSong,What is Charlie's top pick when it comes to songs?,"Charlie's top pick when it comes to songs would be ""Barracuda"" by Heart."
154,FavouriteSong,What is Charlie's favourite song?,We don't know Charlie's favorite song.
155,FavouriteSong,What tune does Charlie like the most?,Bliss - Psytrance
156,FavouriteSong,What is Charlie's favourite song?,"Charlie's favourite song is ""Breathe"" by Bliss."
157,German,Is Charlie able to speak German?,"Yes, Charlie is able to speak German."
158,German,What languages is Charlie able to speak?,Charlie can speak English and German.
159,German,What languages does Charlie know how to speak?,Charlie knows how to speak English and German.
160,German,Can Charlie speak German?,"Yes, Charlie can speak German."
161,German,What languages does Charlie speak?,Charlie speaks English and German.
162,German,Could Charlie speak German if he wanted to?,"Yes, Charlie could speak German if he wanted to."
163,German,How many languages does Charlie speak?,"Charlie speaks three languages: English, German, and B2 level German."
164,German,Might Charlie be able to fluently speak German?,"Yes, Charlie may be able to speak German fluently."
165,German,What languages can Charlie speak?,Charlie can speak English and German.
166,German,Does Charlie speak German?,"Yes, Charlie speaks German."
167,German,Which languages does Charlie fluently speak?,Charlie fluently speaks English and German.
168,Birthday,When is Charlie's birth date?,Charlie's birth date is September 14th.
169,Birthday,Do you know when Charlie's birthday is?,Charlie's birthday is on the 14th of September.
170,Birthday,Can you tell me when Charlie's birthday is?,Charlie's birthday is on the 14th of September.
171,Birthday,When was Charlie born?,Charlie was born on the 14th of September.
172,Birthday,What day does Charlie celebrate his birthday on?,Charlie celebrates his birthday on September 14th.
173,Birthday,What day is Charlie's birthday?,Charlie's birthday is on the 14th of September.
174,Birthday,What is the date of Charlie's birth?,Sep-14
175,Birthday,On what day is Charlie's birthday?,Charlie's birthday is September 14th.
176,Birthday,When is Charlie's birthday?,Charlie's birthday is on the 14th of September.
177,Height,How many centimetres tall is Charlie?,180cm
178,Height,What is Charlie's height?,Charlie is 180cm tall.
179,Height,"Tell me, what is Charlie's height?",Charlie is 180cm tall.
180,Height,Is Charlie tall?,"Yes, Charlie is tall."
181,Height,How tall is Charlie?,Charlie is 180cm tall.
182,Height,"Can you tell me Charlie's height, please?",Charlie is 180cm tall.
183,Height,What is the height of Charlie?,The height of Charlie is 180cm.
184,Height,How many metres tall is Charlie?,"Charlie is 180cm tall, which is 1.8 metres."
185,Height,Charlie's height - what is it?,The answer is that Charlie's height is 180cm.
186,Hometown,Charlie is from where?,Charlie is from England.
187,Hometown,How was Charlie's upbringing?,"Charlie's upbringing was small town and rural. He grew up in Folkestone, England and his parents currently live in France. Charlie has four brothers who are spread out across Europe."
188,Hometown,Where is Charlie from?,Charlie is from England.
189,Hometown,Where does Charlie come from?,"Charlie's parents are from France, but he was born in England."
190,Hometown,Where did Charlie grow up?," Charlie grew up in Folkestone, England."
191,Hometown,What is Charlie's hometown?,"Folkestone, England"
192,Hometown,Where is Charlie's hometown?,"Folkestone, England"
193,Hometown,Where was Charlie's childhood?,"Charlie's childhood was in Folkestone, England."
194,Hometown,How did Charlie grow up?,Charlie grew up in a small town called Folkestone in England. He now lives in Berlin.
195,Hometown,Where was Charlie born?,"Charlie was born in Folkestone, England."
196,Hometown,What is Charlie's background?,"Charlie's background is that he is from a small town in England called Folkestone. He now lives in Berlin. Charlie has a small family, his parents live in France and he has 4 brothers who live in Europe."
197,Hometown,Where does Charlie come from?,"Charlie comes from Folkestone, England."
198,NLPFrameworks,What NLP frameworks does Charlie know?,NLTK
199,NLPFrameworks,Which NLP frameworks can Charlie use?, Charlie can use NLTK for NLP tasks.
200,NLPFrameworks,Which NLP frameworks is Charlie experienced with?, NLTK
201,NLPFrameworks,What experiences does Charlie have with NLP?,"Charlie has experience with the Natural Language Processing (NLP) framework, NLTK for NLP tasks."
202,NLPFrameworks,What NLP frameworks does Charlie have experience with?," Charlie has experience with the NLP framework, NLTK."
203,NLPFrameworks,Does Charlie know NLP frameworks?,Yes
204,NLPFrameworks,Can Charlei use NLP frameworks?,"Yes, he can."
205,Parkour,For how long has Charlie trained parkour?,Charlie trained parkour for a brief period of time before switching to gymnastics.
206,Parkour,How long ago did Charlie start training parkour?,"Charlie started training parkour a few years ago, but he switched to gymnastics shortly after."
207,Parkour,Why hasn't Charlie stopped training parkour yet?,"There could be many reasons why Charlie hasn't stopped training parkour yet. Maybe he still enjoys it and finds it fun, or maybe he feels like he's not quite ready to switch to gymnastics full-time. It's also possible thatCharlie wants to keep his options open in case he decides to return to parkour later on."
208,Parkour,How much longer does Charlie have to train parkour?, Charlie does not have to train parkour anymore. He switched to gymnastics instead.
209,Parkour,When will Charlie finally be done training parkour?,Charlie quit training parkour after he switched to gymnastics.
210,Parkour,How long has Charlie trained parkour?,Charlie trained parkour for a brief period of time before switching to gymnastics.
211,MLFrameworks,What machine learning frameworks does Charlie understand?,"Charlie understands the machine learning frameworks Pytorch, Tensorflow with Keras, and scikit-learn."
212,MLFrameworks,How many machine learning frameworks does Charlie know?,"Charlie knows three machine learning frameworks: Pytorch, Tensorflow with Keras, and scikit-learn."
213,MLFrameworks,Can you list the machine learning frameworks that Charlie knows?,"Charlie knows the machine learning frameworks: Pytorch, Tensorflow with Keras, scikit-learn."
214,MLFrameworks,What machine learning frameworks is Charlie familiar with?,"Charlie is familiar with the machine learning frameworks Pytorch, Tensorflow, and Keras."
215,MLFrameworks,What are the machine learning frameworks that Charlie knows?,"Charlie knows the machine learning frameworks Pytorch, Tensorflow with Keras, and scikit-learn."
216,MLFrameworks,What machine learning frameworks is Charlie familiar with?,"Charlie is familiar with the machine learning frameworks Pytorch, Tensorflow, and Keras."
217,MLFrameworks,Which machine learning frameworks does Charlie know?," Charlie knows how to use the machine learning frameworks Pytorch, Tensorflow with Keras, and scikit-learn."
218,MLFrameworks,How many machine learning frameworks does Charlie know?,3
219,MLFrameworks,What machine learning frameworks does Charlie know how to use?,"Charlie knows how to use the machine learning frameworks: Pytorch, Tensorflow with Keras, scikit-learn."
220,MLFrameworks,What machine learning frameworks does Charlie know?,"Charlie knows the machine learning frameworks Pytorch, Tensorflow with Keras, and scikit-learn."
221,MLFrameworks,Can you name a few of the machine learning frameworks Charlie knows?,"Charlie knows the machine learning frameworks Pytorch, Tensorflow with Keras, and scikit-learn."
222,Movie,What is Charlie's favorite movie?,Charlie's favorite movie is Hot Fuzz.
223,Movie,What is Charlie's favourite movie?,Charlie's favourite movie is Hot Fuzz.
224,Experience,What does Charlie know about machine learning?,"Charlie has a lot of experience with various machine learning frameworks, including Pytorch, Tensorflow and Keras. He is also proficient in using essential packages for data science, such as Pandas and Numpy."
225,Experience,What kind of professional experience does Charlie have?," Charlie has over 3 years of professional experience as a software engineer, during which he has gained experience in designing software, commissioning gas plants, and establishing requirements and specifications. He is also very knowledgeable in the Python programming language and its various frameworks. In addition to his work experience, Charlie has undergone training and finished independent projects using a variety of machine learning, data science, and web development frameworks."
226,Experience,I'm wondering what experience Charlie has.,"Charlie has broad experience and is a great fit for the job! Charlie loves machine learning because of all the things he can create with it, he has a big imagination and he finds that imagination is the only limit to what one can do with technology. Additionally Charlie has some experience with programming languages C# and C++ from his studies. In summary he knows how to use the machine learning frameworks: Pytorch, Tensorflow with Keras, scikit-learn. He knows the"
227,Experience,What experience does Charlie have?,"Charlie has over 3 years of experience working as a software engineer, during which he gained experience in designing software and commissioning gas plants. He is also very knowledgeable in the Python programming language and its various frameworks, having completed training and independent projects using a variety of machine learning, data science, and web development frameworks. In summary, Charlie's skills include Pytorch, Tensorflow with Keras, scikit-learn for machine learning; Pandas, Numpy, NLTK"
228,Experience,What professional experience does Charlie bring to the table?," Charlie brings 3 years of professional experience as a software engineer to the table, along with training and independent projects in machine learning, data science, and web development. He has strong knowledge in Python and various frameworks involved in each topic. Additionally, he is experienced in using essential packages such as Pandas and Numpy. In summary, Charlie is knowledgeable in many areas of software engineering and would be a great addition to any team!"
229,Experience,Was Charlie previously involved with machine learning?,"Yes, Charlie has experience with various machine learning frameworks, including Pytorch, Tensorflow and Keras."
230,Experience,Has Charlie used machine learning before?,"Yes, Charlie has experience with various machine learning frameworks and has completed projects using them."
231,Experience,What has Charlie done in regards to machine learning?,"Charlie has experience using the machine learning frameworks Pytorch, Tensorflow and Keras to create various neural networks. He has used the Natural Language Processing (NLP) framework, NLTK for NLP tasks. He has a lot of experience using the machine learning frameworks scikit-learn to program ensemble models, SVM models and regression-based models."
232,Experience,Has Charlie had experience with machine learning in the past?,"Yes, Charlie has had experience with machine learning in the past. He is very knowledgeable with the Python programming language, having used it for 3 years, along with its various frameworks. Charlie has undergone training and finished independent projects using a variety of Frameworks for machine learning, data science, and web development. His machine learning projects has given him experience using the machine learning frameworks Pytorch, Tensorflow and Keras to create various neural networks."
233,Experience,What kind of experience does Charlie have?,"Charlie has experience working with customers and colleagues to design software and commission gas plants into operation. He also has experience using the Python programming language and various frameworks for machine learning, data science, and web development. Additionally, he has some experience with the programming languages C# and C++ from his studies."
234,Experience,How much experience does Charlie have in machine learning?,"Charlie has experience with the machine learning frameworks Pytorch, Tensorflow and Keras to create various neural networks. He has used the Natural Language Processing (NLP) framework, NLTK for NLP tasks. He has a lot of experience using the machine learning frameworks scikit-learn to program ensemble models, SVM models and regression-based models."
235,Experience,How many projects has Charlie completed?,Charlie has completed a total of 3 projects.
236,Experience,What are some examples of Charlie's professional experience?,"Some examples of Charlie's professional experience include:
-designing software
-calculating bid proposals
-developing software
-commissioning gas plants"
237,Experience,What has Charlie's experience been with machine learning?,"Charlie has experience using the machine learning frameworks Pytorch, Tensorflow and Keras to create various neural networks. Additionally, he has used the machine learning framework scikit-learn to program ensemble models, SVM models and regression-based models."
238,Experience,What is Charlie's opinion on machine learning?,"Charlie loves machine learning because of all the things he can create with it, he has a big imagination and he finds that imagination is the only limit to what one can do with technology."
239,Experience,What did Charlie experience?,"In his three years of experience as a software engineer, Charlie has gained experience working with customers and colleagues to design software and commission gas plants into operation. This includes tasks such establishing requirements and specifications, calculating bid proposals, developing software and commissioning gas plants. In addition to this work experience, Charlie is also very knowledgeable in the Python programming language and its various frameworks - having used it for three years now. He has undergone training and finished independent projects using a variety of frameworks for machine learning, data"
240,Experience,Tell me about Charlie's experience with this.,"Charlie has 3 years of experience with Python, including its various frameworks. He has also undergone training and finished independent projects using a variety of Frameworks for machine learning, data science, and web development. Charlie is very knowledgeable with the Python programming language, having used it for 3 years, along with its various frameworks. Additionally Charlie has some experience with programming languages C# and C++ from his studies."
241,Experience,Has Charlie worked with machine learning before?,Has Charlie worked with machine learning before?
242,Experience,Is Charlie knowledgeable about machine learning?,"Yes, Charlie is knowledgeable about machine learning."
243,Experience,What is Charlie's expertise in machine learning?,"Charlie's expertise in machine learning includes experience with the Pytorch, Tensorflow and Keras frameworks, as well as extensive knowledge of essential data science packages such as Pandas and Numpy. Additionally, he has undergone training in a variety of machine learning techniques and models, giving him a well-rounded skillset in this area."
244,Experience,What kind of experiences has Charlie had?,"Charlie has had experience working with customers and colleagues to design software and commission gas plants into operation. He has also gained experience using the Python programming language and its various frameworks. Additionally, Charlie has undergone training and finished independent projects using a variety of machine learning, data science, and web development frameworks."
245,Experience,What has Charlie been through?,"Charlie has been through training and he has finished independent projects using a variety of Frameworks for machine learning, data science, and web development."
246,Experience,What projects has Charlie completed?,"Charlie has completed various projects using a variety of Frameworks for machine learning, data science, and web development."
247,Experience,What is Charlie's background in machine learning?,"Charlie has experience with a variety of machine learning frameworks, including Pytorch, Tensorflow and Keras. He has also undergone training in these areas and completed independent projects using them. In addition, he is fluent in the Python programming language, which is often used for machine learning tasks."
248,Experience,What experience does Charlie bring to the table? ,"Charlie has a lot of experience working with customers and colleagues to design software and commission gas plants into operation. He is also very knowledgeable with the Python programming language and its various frameworks. Charlie has undergone training and finished independent projects using a variety of Frameworks for machine learning, data science, and web development. In addition, he has experience using the machine learning frameworks Pytorch, Tensorflow and Keras to create various neural networks. Charlie also has experience with the Natural Language Processing (N"
249,Experience,What is Charlie's experience?,"Charlie's experience includes working with customers and colleagues to design software and commission gas plants into operation, establishing requirements and specifications, calculating bid proposals, developing software and commissioning gas plants. He is also very knowledgeable with the Python programming language, having used it for 3 years. Additionally, he has undergone training and finished independent projects using a variety of machine learning frameworks such as Pytorch, Tensorflow and Keras. Furthermore, he has web development experience creating a portfolio website using Django, Boot"
250,Experience,What experiences has Charlie had?,"Charlie has gained experience working with customers and colleagues to design software and commission gas plants into operation. In addition to his current work experience, he is very knowledgeable with the Python programming language, having used it for 3 years, along with its various frameworks. Charlie has undergone training and finished independent projects using a variety of Frameworks for machine learning, data science, and web development."
251,Experience,What was Charlie's experience?,"Charlie's experience includes working with customers and colleagues to design software and commission gas plants into operation, establishing requirements and specifications, calculating bid proposals, developing software and commissioning gas plants. He is also very knowledgeable with the Python programming language, having used it for 3 years, along with its various frameworks. Charlie has undergone training and finished independent projects using a variety of Frameworks for machine learning, data science, and web development."
252,Experience,Which project did Charlie complete first?,he first project Charlie completed was his portfolio website.
253,Experience,Can you tell me what experience Charlie has?,"Charlie has about 3 years of experience as a software engineer, including working with customers and designing software. He is also knowledgeable in Python and its various frameworks. In addition, Charlie has training and projects using machine learning frameworks such as Pytorch, Tensorflow, and Keras. He also knows how to use web development frameworks like Django and Bootstrap."
254,Experience,Is Charlie's professional experience relevant to the job?,"Yes, Charlie's professional experience is relevant to the job. He has gained experience working with customers and colleagues to design software and commission gas plants into operation. In addition, he is very knowledgeable with the Python programming language and has used a variety of machine learning frameworks for various projects."
255,Experience,What experience does Charlie have with this? ,"Charlie has a lot of experience with this. He has used the machine learning frameworks Pytorch, Tensorflow and Keras to create various neural networks. Naturally he is proficient in using essential packages such as Pandas and Numpy involved in data science. He has used the Natural Language Processing (NLP) framework, NLTK for NLP tasks. He has a lot of experience using the machine learning frameworks scikit-learn to program ensemble models, SVM models and regression"
256,Experience,What is Charlie's experience in machine learning?,"Charlie has experience using the machine learning frameworks Pytorch, Tensorflow and Keras to create various neural networks. Additionally, he has used the Natural Language Processing (NLP) framework NLTK for NLP tasks. He also has a lot of experience with the machine learning framework scikit-learn, programming ensemble models, SVM models and regression-based models."
257,Experience,What has Charlie done in machine learning?,"Charlie has used the machine learning frameworks Pytorch, Tensorflow and Keras to create various neural networks. He has also undergone training and finished independent projects using a variety of Frameworks for machine learning, data science, and web development."
258,Experience,What sort of experience does Charlie have? ,"Charlie has a lot of experience with software engineering, customer service, and gas plant commissioning. He is also very knowledgeable about the Python programming language and its various frameworks. Charlie has undergone training and finished independent projects using a variety of Frameworks for machine learning, data science, and web development."
259,Experience,What experience does Charlie have in this area? ," Charlie has a lot of experience using machine learning frameworks such as Pytorch, Tensorflow and scikit-learn. He also has experience with data science frameworks such as Pandas and Numpy. Additionally, he has experience with web development using Django and Docker."
260,Experience,Who else worked on the projects that Charlie completed?,"Other members of the team that Charlie worked on his projects with include software engineers, customers, and colleagues."
261,Experience,What did Charlie go through?,"Charlie has gone through training in various machine learning and data science frameworks, as well as web development. He is knowledgeable in the use of Python and its various frameworks, including Pytorch, Tensorflow, Keras, Pandas, Numpy, NLTK, scikit-learn and Django. He has also gained experience in commissioning gas plants and establishing requirements and specifications."
262,Experience,What sorts of things has Charlie experienced?,"Charlie has experienced working with customers and colleagues to design software, commissioning gas plants, establishing requirements and specifications, calculating bid proposals, developing software, and training. He is also knowledgeable with the Python programming language and its various frameworks. Additionally, he has undergone projects using a variety of Frameworks for machine learning, data science, and web development."
263,Experience,What has Charlie gone through?,"Charlie has gained experience working with customers and colleagues to design software and commission gas plants into operation. He has also undergone training and finished independent projects using a variety of Frameworks for machine learning, data science, and web development."
264,Experience,How much professional experience does Charlie have?,Charlie has 3 years of professional experience as a software engineer.
265,Experience,What professional experience does Charlie have?,"Charlie has over 3 years of professional experience as a software engineer, during which he has gained valuable experience in customer relations, software design and development, and commissioning gas plants. Additionally, Charlie has completed training courses and independent projects using various different frameworks for machine learning, data science and web development."
266,Experience,What kinds of projects has Charlie completed?,"Charlie has completed various projects using a variety of frameworks for machine learning, data science, and web development. These projects have given him experience with creating various neural networks using the Pytorch, Tensorflow, and Keras frameworks. He has also used the scikit-learn framework to program ensemble models, SVM models, and regression-based models. Additionally, his web development experience consists of creating a portfolio website using the Django framework."
267,Experience,What does Charlie know about machine learning?,"Charlie is knowledgeable with the Python programming language and its various frameworks, which he has used for 3 years. He has undergone training and finished independent projects using a variety of Frameworks for machine learning, data science, and web development. His machine learning projects have given him experience using the machine learning frameworks Pytorch, Tensorflow and Keras to create various neural networks. Additionally Charlie has some experience with programming languages C# and C++ from his studies."
268,Experience,Does Charlie have any professional experience?,"Answer: Charlie has 3 years of professional experience as a software engineer. He has also gained experience working with customers and colleagues to design software and commission gas plants into operation. In addition to his work experience, Charlie is very knowledgeable with the Python programming language and various frameworks."
269,Experience,What sort of professional experience does Charlie have?,"Charlie has over 3 years of professional experience as a software engineer, during which he has gained valuable experience working with customers and colleagues to design and commission gas plants. He is also highly knowledgeable in the Python programming language, having used it for 3 years along with various frameworks. Charlie has undergone training and completed independent projects using multiple machine learning, data science, and web development frameworks. This gives him a strong understanding of how to use these frameworks to create various programs and applications. In addition to his comprehensive"
270,Experience,What makes Charlie think he would be good at this job?,"Charlie's work experience, knowledge of Python, and training with various machine learning and web development frameworks make him confident that he would be successful in this role. Additionally, his passion for machine learning means that he is always looking for ways to improve his skills and knowledge in this area."
271,Experience,Why is this job appealing to Charlie?,"This job is appealing to Charlie because he has the relevant experience and skillset that the company is looking for. In addition, he is also familiar with a variety of programming languages and frameworks that would be beneficial in this role."
272,Experience,What does this job offer that Charlie finds attractive?,"The job offers the opportunity to work with customers and colleagues to design software and commission gas plants into operation. Additionally, Charlie finds the Python programming language and its various frameworks attractive."
273,Experience,Why does Charlie feel qualified for this position?,"Charlie feels qualified for this position because he has worked as a software engineer for over 3 years and has gained experience working with customers and colleagues to design software and commission gas plants into operation. He is also very knowledgeable with the Python programming language, having used it for 3 years, along with its various frameworks. Charlie has undergone training and finished independent projects using a variety of Frameworks for machine learning, data science, and web development."
274,Experience,What are Charlie's motivations for wanting this job?," Charlie's motivations for wanting this job are to gain more experience working with customers and colleagues to design software and commission gas plants into operation. Additionally, he is very knowledgeable with the Python programming language and wishes to continue using it at his next employment."
275,Experience,Why does Charlie want this job?,"Charlie loves machine learning because of all the things he can create with it. Additionally, Charlie has some experience with programming languages C# and C++ from his studies. He feels that this job would allow him to use his skills and knowledge to create new and innovative software."
276,Gender,What gender is Charlie?,Charlie is male.
277,Gender,What is Charlie's gender?,Charlie is male.
278,Gender,What is Charlie's sex? ,Charlie is male.
279,Gender,What is Charlie's gender identity?,Charlie is a male.
280,Gender,What gender is Charlie? ,Charlie is male.
281,Gender,What is Charlie's biological sex? ,Charlie is male.
282,Gender,Is Charlie a male or female? ,Charlie is a male.
283,Gender,What is the gender of Charlie?,The gender of Charlie is male.
284,HairColour,What tones are in Charlie's hair? ,"Charlie's hair is brown, so the tones in his hair are likely to be shades of brown."
285,HairColour,What colors make up Charlie's hair?,The colors that make up Charlie's hair are brown and black.
286,HairColour,What is Charlie's hair colour?,Brown
287,HairColour,What shade is Charlie's hair? ,Charlie has brown hair.
288,HairColour,What colour does Charlie have in their hair?,Charlie has brown hair.
289,HairColour,What color does Charlie dye their hair?,"Charlie's natural hair color is brown, but it is unknown what color he dyes his hair."
290,HairColour,What hues are in Charlie's hair? ,"Charlie's hair is brown, so the hues in his hair are likely to be earth tones."
291,HairColour,What color is Charlie's hair?,Charlie's hair is brown.
292,HairColour,What color is Charlie's hair? ,Brown
293,HairColour,What colour is Charlie's hair?,Charlie's hair is brown.
294,HairColour,Is Charlie's hair light or dark? ,The answer is that Charlie's hair is brown.
295,HairColour,Charlie's hair - what shade is it?,Charlie's hair is brown.
296,School,Which school did Charlie attend?,Charlie attended Pent Valley Technology College when he was a boy.
297,School,To which school did Charlie go?,Pent Valley Technology College
298,School,What is the name of the school that Charlie went to?,The name of the school that Charlie went to is Pent Valley Technology College.
299,School,Where did Charlie go to school?,Pent Valley Technology College
300,School,"Did Charlie go to school? If so, where?","Charlie went to school at Pent Valley Technology College. As an adult, he studied Mechanical Engineering at the University of Exeter and then did his Masters in Control Systems at Imperial College London."
301,Hobbies,What are Charlie's hobbies?,"Charlie's hobbies are playing the guitar, training calisthenics, and programming."
302,Hobbies,What are some things Charlie likes to do?,"Some things Charlie likes to do are train calisthenics, play his guitar with friends, and program using AI."
303,Hobbies,What are Charlie's interests?,"Charlie's interests include calisthenics, gymnastics, music, guitar playing, programming and artificial intelligence. He also enjoys travelling and experiencing new cultures."
304,Hobbies,What does Charlie like to do for fun?,"Charlie likes to do a lot of different things for fun. He loves music and playing his guitar, and he also enjoys programming and using AI. Charlie loves to be outside, so he would love to travel the world and experience new cultures."
305,Hobbies,What are some of Charlie's favorite activities?,"Some of Charlie's favorite activities include training calisthenics, playing his guitar with friends, and programming. He also enjoys traveling and experiencing new cultures."
306,Colour,What is Charlie's favourite colour?,Charlie's favourite colour is red.
307,Colour,Which coloring does Charlie like the most?,We can infer from the context that Charlie's favorite color is red.
308,Colour,Which is Charlie's most preferred color?,His favourite colour is red.
309,Colour,What color is Charlie's favorite?,Charlie's favorite color is red.
310,Colour,What is favourite color of Charlie?,Charlie's favourite colour is red.
311,Colour,What is Charlie's favorite color?,Red
312,Travel,Where is Charlie's desired travel destination?,Charlie's desired travel destination is anywhere in the world where he can experience new cultures and meet new friends.
313,Travel,Which country does Charlie want to travel to?,"Charlie wants to travel to lots of countries, but he particularly hopes to be able to work in cool places like the US, UK, Australia, and New Zealand."
314,Travel,Which location is Charlie interested in traveling to?," Charlie is interested in traveling to many different places, but he particularly hopes to be able to work in lots of cool places around the world."
315,Travel,What place does Charlie want to visit?,Charlie would love to travel the world and hopes to be able to work in lots of different places so he can experience new cultures.
316,Travel,To where does Charlie want to go?,Charlie wants to go everywhere! He loves to travel and hopes to be able to work in lots of different places so he can experience new cultures.
317,Travel,Where does Charlie want to travel?,"Charlie wants to travel to lots of different places, but he particularly hopes to be able to work in many cool places around the world. He loves experiencing new cultures and making friends wherever he goes."
318,Interests,What kinda stuff does Charlie like?,"Charlie likes to train calisthenics, play his guitar, and create things through music, technology, and art."
319,Interests,What are the things that Charlie is interested in?,#NAME?
320,Interests,What does Charlie want?,"Charlie wants to be able to work in lots of cool places, experience new cultures, and have fun programming and using AI."
321,Interests,What sort of things does Charlie like?," Charlie likes to train calisthenics, play his guitar, and create things."
322,Interests,What is Charlie's favorite thing?,Charlie's favorite thing is music. He loves to play his guitar with friends and experience new cultures.
323,Interests,What does Charlie like?,"Charlie likes training calisthenics, playing his guitar, creating things, programming, and using AI. He also loves to travel and experience new cultures."
324,Interests,What does Charlie prefer?,Charlie prefers working remotely so that he can spend more time outside and experience new cultures through travel.
325,Interests,What does Charlie enjoy?,"Charlie most enjoys being creative, whether it be through music, technology, or art. He also loves to travel and explore new cultures."
326,Interests,What does Charlie like to do?,"Charlie likes to train calisthenics, play his guitar with friends, and create things through music, technology, and art. He also enjoys programming and using AI. Charlie would love to travel the world and work in lots of different places so that he can experience new cultures."
327,Interests,What are some of Charlie's interests?,"Charlie's interests include music, gymnastics, programming, and AI. He also enjoys traveling and experiencing new cultures."
328,Interests,Charlie - what are you into?,"Charlie is into calisthenics, gymnastics, music, and technology. He enjoys creating things and loves to travel."
329,Interests,What are Charlie's interests?,"Charlie is interested in music, technology, art, and gymnastics."
330,IsGood,Would Charlie excel in this role?,"Yes, Charlie would excel in this role."
331,IsGood,Does Charlie fit the job requirements?,"Yes, Charlie fits the job requirements."
332,IsGood,Is Charlie suited for the position?,"Yes, Charlie is suited for the position."
333,IsGood,Would Charlie be good for the job?,"Yes, Charlie would be good for the job. He has work experience in the software engineering field, as well as training and independent projects using a variety of machine learning frameworks. Additionally, he is knowledgeable with the Python programming language and its various frameworks."
334,IsGood,Can Charlie do the job?,"Yes, Charlie can do the job."
335,IsGood,Is Charlie a good fit for the job?,"Yes, Charlie is a good fit for the job. He has 3 years of work experience as a software engineer, during which he gained experience in designing software and commissioning gas plants. In addition to his work experience, Charlie is also knowledgeable in Python and its various frameworks, having used it for 3 years. He has undergone training and completed independent projects using different machine learning, data science, and web development frameworks.Charlie's machine learning projects have given him exposure to using the Pytorch,"
336,RemoteWork,What is Charlie's opinion on working from a distance? ,Charlie thinks that working from a distance is great because he loves to be outside and it would allow him to travel the world while still being able to work.
337,RemoteWork,Would Charlie consider remote work?,"Charlie would probably be open to remote work since it would allow him to travel and experience new cultures. He is also interested in technology, which could make working remotely easier for him."
338,RemoteWork,What does Charlie think about working remote?,Working remotely would be ideal for Charlie because he loves to be outside. He could travel the world and work in lots of cool places while still being able to experience new cultures through his friends.
339,RemoteWork,"Does Charlie like working from home, or would he prefer an office?",Charlie would prefer to work from home since he loves being outside.
340,RemoteWork,Is Charlie open to the idea of working remotely?,Yes
341,RemoteWork,What are Charlie's thoughts on working remotely?,Charlie loves the idea of working remotely since it would allow him to travel and experience new cultures while still being able to do the things he loves. He believes that it is a great way to connect with people from all over the world and learn new things.
342,RemoteWork,What does Charlie think of telecommuting? ,Charlie loves the idea of telecommuting since it would allow him to work from anywhere in the world. He thinks it's a great way to be able to experience new cultures and meet new people.
343,RemoteWork,Do you think Charlie would be interested in remote work?,"Yes, Charlie would be interested in remote work as it would allow him to travel the world and experience new cultures."
344,RemoteWork,What does Charlie think about working from home? ,Charlie loves the idea of working from home because it would allow him to have more time to explore and experience new cultures. He also thinks that it would be a great way to stay connected with friends who are all over the world.
345,RemoteWork,Does Charlie have any reservations about working remotely?,"No, Charlie does not have any reservations about working remotely. He loves to be outside and believes that this would be the ideal situation for him since he has friends all over the world and enjoys experiencing new cultures."
346,RemoteWork,How does Charlie feel about working remotely? ,"Charlie feels great about working remotely! He loves to be outside, and this way he can work from anywhere in the world."
347,RemoteWork,Would Charlie be open to the idea of working remotely?,"Yes, Charlie would be open to the idea of working remotely."
348,Grades,What grades did Charlie get in University?,Charlie got a 2:1 in his Mechanical Engineering degree from the University of Exeter and a distinction in his Masters in Control Systems from Imperial College London.
349,Grades,What types of grades did Charlie get while attending University?,"Looking at Charlie's CV, it appears that he received good grades while attending university."
350,Grades,What were Charlie's grades like when he was in University?,Charlie's grades in university were excellent. He received a first class degree in Mechanical Engineering from the University of Exeter and then went on to get a Masters in Control Systems with distinction from Imperial College London.
351,Grades,What were Charlie's grades?,Charlie's grades can be found on his CV.
352,Grades,How well did Charlie do while he was studying at University?,"According to Charlie's CV, he did very well while studying at both the University of Exeter and Imperial College London. He received good grades in both his undergraduate and graduate studies."
353,Grades,Was Charlie a good student?,Charlie was a very good student. He got excellent grades in both his undergraduate and graduate studies.
354,Grades,Did Charlie get good grades?,"From what is given in the text, it can be assumed that Charlie got good grades. This is because he went to prestigious schools and colleges for his education."
355,Grades,What grades did Charlie receive while he was in University?,Charlie received a first-class degree in Mechanical Engineering from the University of Exeter and a distinction in Control Systems from Imperial College London.
356,Grades,How did Charlie do in school?,"Charlie did well in school, as evidenced by his grades."
357,Grades,What kind of academic performance did Charlie have while in school?,Charlie had good academic performance while in school. He went to a technology college and then later on studied at the University of Exeter and Imperial College London. His grades can be found on his CV.
358,Grades,What were Charlie's grades like?,"Charlie's grades were very good. He got straight A's in all of his subjects, and he was also a member of the National Honor Society."
359,TV,Which television program does Charlie prefer over all others?,BoJack Horseman
360,TV,What sort of TV shows does Charlie watch?,"Charlie's favourite TV series is Bojack Horseman. He also likes to watch Hot Fuzz, which is directed by Edgar Wright."
361,TV,"If Charlie had to pick just one, which TV series would be his favorite?",Bojack Horseman
362,TV,What TV shows does Charlie like to watch?,Charlie likes to watch Bojack Horseman.
363,TV,What are some of the TV shows that Charlie watches?,"Charlie's favourite TV series is Bojack Horseman, but he also enjoys Hot Fuzz and any other show that is directed by Edgar Wright."
364,TV,Can you tell me what TV shows Charlie watches?,Charlie's favourite TV series is Bojack Horseman.
365,TV,What TV show does Charlie like the best?,BoJack Horseman
366,TV,Which TV shows does Charlie watch?,"TV shows that Charlie watches include Bojack Horseman, Hot Fuzz, and The Greatcoats."
367,TV,What TV shows does Charlie watch?,Charlie watches Bojack Horseman and Hot Fuzz.
368,TV,What is Charlie's favorite TV series?,Charlie's favourite TV series is Bojack Horseman.
369,TV,What is Charlie's favourite TV Series?,Charlie's favourite TV series is Bojack Horseman.
370,TV,"Of all the TV shows out there, which is Charlie's favorite?",Bojack Horseman
371,WhatJob,Where does Charlie earn a living?,Charlie earns a living as a software engineer for Bilfinger.
372,WhatJob,What line of work is Charlie in? ,Charlie is a software engineer.
373,WhatJob,What does Charlie do for work?,"Charlie is a software engineer who has gained experience working with customers and colleagues to design software and commission gas plants into operation. His tasks and responsibilities include establishing requirements and specifications, calculating bid proposals, developing software and commissioning gas plants."
374,WhatJob,What company does Charlie work for?,Charlie works for Bilfinger.
375,WhatJob,How does Charlie earn a living? ,Charlie earns a living as a software engineer.
376,WhatJob,Where does Charlie work?,Charlie works at Bilfinger.
377,WhatJob,What is Charlie's job?,Charlie is a software engineer.
378,WhatJob,What is Charlie's job? ,Answer: Charlie is a software engineer.
379,WhatJob,Who does Charlie work for?,Charlie works for Bilfinger.
380,WhatJob,Where is Charlie's place of work?," Charlie works at Bilfinger, a software engineering company."
381,WhatJob,What does Charlie do to make money? ,Charlie works as a software engineer for Bilfinger.
382,WhatJob,What is Charlie's occupation?,Charlie is a software engineer.
383,EyeColour,What are Charlie's eye colors?,Charlie has brown eyes.
384,EyeColour,What is Charlie's eye colour?,Charlie's eye colour is brown.
385,EyeColour,What color are Charlie's eyes?,Charlie's eyes are brown.
386,EyeColour,What shade are Charlie's eyes?,Charlie's eyes are brown.
387,EyeColour,What color are Charlie's eyes?,Charlie's eyes are brown.
388,EyeColour,What colour are Charlie's eyes?,Charlie's eyes are brown.
389,EyeColour,What is the color of Charlie's eyes?,The color of Charlie's eyes is brown.
390,EyeColour,What hues are in Charlie's eyes?,"Charlie's eyes appear to be brown, so the hues in his eyes are likely warm shades like gold or reddish brown."
391,EyeColour,What is the color of Charlie's eyes?,Charlie's eyes are brown.
392,EyeColour,What are the colors of Charlie's eyes?,The colors of Charlie's eyes are brown.
393,EyeColour,What is the eye color of Charlie?,The eye color of Charlie is brown.
394,EyeColour,What colors do you see in Charlie's eyes?,The colors that I see in Charlie's eyes are browns and gold.
395,ProgrammingLanguages,In which programming languages is Charlie proficient?,"Charlie is proficient in the Python programming language, as well as in the frameworks associated with machine learning, data science, and web development. He also has some experience with the programming languages C# and C++ from his studies."
396,ProgrammingLanguages,"I'm wondering, what programming languages does Charlie have experience with?","Charlie has experience with the Python programming language, as well as C# and C++ from his studies."
397,ProgrammingLanguages,Does Charlie know any programming languages?,"Yes, Charlie knows the programming languages Python, C# and C++."
398,ProgrammingLanguages,What is the programming language that Charlie is good at?,The programming language that Charlie is good at is Python.
399,ProgrammingLanguages,What are the programming languages that Charlie is able to use?,"The programming languages that Charlie knows how to use are Python, C# and C++."
400,ProgrammingLanguages,Could you tell me the programming languages that Charlie knows how to utilize?,"Charlie is proficient in the programming language Python, and also has working knowledge of the programming languages C# and C++."
401,ProgrammingLanguages,Which programming languages does Charlie know?,"Charlie knows the programming languages Python, C# and C++."
402,ProgrammingLanguages,Could you list the programming languages Charlie knows?,"Charlie knows Python, C# and C++."
403,ProgrammingLanguages,Is Charlie knowledgeable in any programming languages?,"Yes, Charlie is knowledgeable in a few programming languages including Python, C#, and C++."
404,ProgrammingLanguages,What programming languages can Charlie use?,"Charlie can use the programming languages Python, C#, and C++."
405,ProgrammingLanguages,What are the programming languages that Charlie is good at?,"Judging by the information provided, it seems that Charlie is good at Python, C#, and C++."
406,ProgrammingLanguages,What programming languages can Charlie use well?,"Charlie knows how to use the programming languages Python, C# and C++."
407,ProgrammingLanguages,What programming languages can Charlie use?,"Charlie can use Python, C#, and C++."
408,ProgrammingLanguages,What extent is Charlie proficient in different programming languages?,"Charlie is proficient in the programming languages Python, C# and C++."
409,ProgrammingLanguages,What is the programming language that Charlie knows well?,The programming language that Charlie knows well is Python.
410,ProgrammingLanguages,Which programming languages is Charlie familiar with?,"Charlie is familiar with the programming languages Python, C# and C++."
411,ProgrammingLanguages,Did Charlie learn any programming languages?,"Yes, Charlie learned the programming languages C# and C++ from his studies."
412,ProgrammingLanguages,What are the programming languages that Charlie knows how to use?,"Charlie knows how to use Python, C#, and C++."
413,ProgrammingLanguages,What are the programming languages that Charlie is able to use?,"Charlie is able to use the Python programming language, as well as its various frameworks. He is also proficient in using essential packages such as Pandas and Numpy involved in data science. Additionally, Charlie has some experience with programming languages C# and C++ from his studies."
414,ProgrammingLanguages,What programming languages does Charlie know?," Charlie knows how to use the Python programming language and he is also knowledgeable with the frameworks Pytorch, Tensorflow, Keras, scikit-learn, Pandas, Numpy, NLTK."
415,ProgrammingLanguages,What coding languages does Charlie know?,"Charlie knows Python, C#, and C++."
416,ProgrammingLanguages,What programming languages does Charlie know?,"Charlie knows the programming languages Python, C# and C++."
417,ProgrammingLanguages,Which programming languages does Charlie know how to use?,"Charlie knows how to use the Python programming language, as well as the C# and C++ programming languages."
418,ProgrammingLanguages,What programming language is Charlie proficient in?, Charlie is proficient in the Python programming language.
419,ProgrammingLanguages,How many programming languages does Charlie know?,"Charlie knows three programming languages: Python, C#, and C++."
420,ProgrammingLanguages,Do you happen to know which programming languages Charlie is proficient in?,"Charlie is proficient in the programming languages Python, C#, and C++."
421,ProgrammingLanguages,What is the programming language that Charlie is knowledgeable in?,The programming language that Charlie is knowledgeable in is Python.
422,ProgrammingLanguages,What are the programming languages in which Charlie is proficient?,"Charlie is proficient in the programming languages Python, C# and C++."
423,ProgrammingLanguages,What languages can Charlie program in?,"Charlie can program in Python, C#, and C++."
424,ProgrammingLanguages,What programming languages does Charlie know how to use?,"Charlie knows how to use the Python programming language, as well as the frameworks involved in machine learning, data science, and web development. He is also knowledgeable with the C# and C++ programming languages from his studies."
425,ProgrammingLanguages,Which programming languages can Charlie use?,"Charlie can use the programming languages Python, C#, and C++."
426,ProgrammingLanguages,Charlie knows how to code in a variety of languages.,TRUE
427,Age,Do you know how old Charlie is?,Charlie is 28 years old.
428,Age,What is Charlie's age?,Charlie is 28 years old.
429,Age,How old will Charlie be in a certain year?,"In a certain year, Charlie will be (28 + X) years old, where X is the number of years that have passed since that year."
430,Age,What age is Charlie?,Charlie is 28 years old.
431,Age,Is Charlie young?,"Yes, Charlie is young."
432,Age,"What is Charlie's age, tell me please.",Charlie is 28 years old.
433,Age,How many years have passed since Charlie was born?,28
434,Age,Charlie's age is what?,Charlie is 28 years old.
435,Age,When was Charlie born?,Charlie was born on the 14th of September.
436,Age,Is Charlie how old?,"According to the information given, Charlie is 28 years old."
437,Age,Charlie how old is?,28
438,Age,What year is it?,It is 2019.
439,Age,Old is Charlie how?,Charlie is 28 years old.
440,Age,I'm wondering how old Charlie is.,Charlie is 28 years old.
441,Age,Is Charlie's age what?,Charlie's age is 28.
442,Age,Could you tell me how old Charlie is?,Charlie is 28 years old.
443,Age,How old is Charlie?,28 years old
444,BookGenre,What is Charlie's favourite genre of books?,Charlie's favourite genre of books is fantasy.
